question_id,subject,stem_preview,stem_significant_word_count,has_mapped_source_for_subject,classification,reason
407a0b65-b6fd-4e64-bb42-ef49bdc03742,,", 1 ; ; Hine j
5",1,,UNRESOLVED,question has no subject label -- cannot even narrow candidate source chapters deterministically
ca01cbd8-da23-432e-83ca-d8e0f52a3ad0,,"— Methylbutan— 2 —ol
CH,
|",1,,UNRESOLVED,question has no subject label -- cannot even narrow candidate source chapters deterministically
c59ea2a9-f0ff-4ed7-b6fc-b0dc4ee5f609,,Ray florets have :,1,,UNRESOLVED,question has no subject label -- cannot even narrow candidate source chapters deterministically
d1b11c42-e498-4bd0-a1d8-3831bf4d8bd8,,"— Methylbutan— 2 —ol
Br 61
1 |",1,,UNRESOLVED,question has no subject label -- cannot even narrow candidate source chapters deterministically
d538d4eb-a340-419b-aea9-2b930f0ddf2f,,"— Methylbutan—2—ol
cH
i 3
1 H.-C_-CH.B",1,,UNRESOLVED,question has no subject label -- cannot even narrow candidate source chapters deterministically
f3b4b91a-9905-4bdc-bfa4-919e2fc76755,,"kPat - -- +g b
00cm? 400 cm?
v—",1,,UNRESOLVED,question has no subject label -- cannot even narrow candidate source chapters deterministically
64984095-c8b4-4e15-99aa-870c5ab8bf55,,— Methylbutan— 2 - ol,1,,UNRESOLVED,question has no subject label -- cannot even narrow candidate source chapters deterministically
e1f16a40-520c-49a6-9917-888b7342b68c,,oe -2| inted into th,1,,UNRESOLVED,question has no subject label -- cannot even narrow candidate source chapters deterministically
3db64c15-a510-4803-956f-1d4af966334e,,"— Methylbutan— 2 -—ol
CH,
|",1,,UNRESOLVED,question has no subject label -- cannot even narrow candidate source chapters deterministically
cc967849-99cb-4dca-a4d8-8ea1b953ea17,,"— Methylbutan— 2 -ol
Hs",1,,UNRESOLVED,question has no subject label -- cannot even narrow candidate source chapters deterministically
a6414534-7331-44ca-bc6a-54b5b5bfa78b,,"— Methylbutan— 2 -—ol
Br
|",1,,UNRESOLVED,question has no subject label -- cannot even narrow candidate source chapters deterministically
9792ac0b-591f-4d64-8aca-783d9d214e29,,"— Methylbutan— 2 —ol
CH;
( ) CHs ~6~ CH Br
CH,
Br
|",1,,UNRESOLVED,question has no subject label -- cannot even narrow candidate source chapters deterministically
9872e38d-8a05-488f-8ffa-3634c69930d4,,Ray florets have :,1,,UNRESOLVED,question has no subject label -- cannot even narrow candidate source chapters deterministically
74542f93-8429-407b-b181-7b5046010583,,"— Methylbutan— 2 -ol
66",1,,UNRESOLVED,question has no subject label -- cannot even narrow candidate source chapters deterministically
3d778064-2604-46cc-8972-861a3c62f26d,,Ray florets have :,1,,UNRESOLVED,question has no subject label -- cannot even narrow candidate source chapters deterministically
fde5fe66-dfcd-4355-a919-8817be1ab9c3,,"— Methylbutan— 2 —-ol
os",1,,UNRESOLVED,question has no subject label -- cannot even narrow candidate source chapters deterministically
229e6e82-29cd-4d03-87a8-238eaa69c3b4,,Holl 2 inted fi,2,,UNRESOLVED,question has no subject label -- cannot even narrow candidate source chapters deterministically
eb492d5a-554e-4edd-ae9f-0d8f6930448c,,— Methylbutan— 2 — ol,1,,UNRESOLVED,question has no subject label -- cannot even narrow candidate source chapters deterministically
879a40ab-e95d-42a1-8539-6886e5d5380f,,conte! expranation of A R is NOT,2,,UNRESOLVED,question has no subject label -- cannot even narrow candidate source chapters deterministically
c7d4d2f7-26d1-4c40-9661-49f6e5347f40,,— Methylbutan— 2 -ol 61,1,,UNRESOLVED,question has no subject label -- cannot even narrow candidate source chapters deterministically
6ee2f3cc-a4cf-4f26-99cc-667d995d3249,,Ray florets have :,1,,UNRESOLVED,question has no subject label -- cannot even narrow candidate source chapters deterministically
f95519d3-ef2a-41df-bd79-6d0202d191f6,,"— Methylbutan— 2 -ol
r",1,,UNRESOLVED,question has no subject label -- cannot even narrow candidate source chapters deterministically
69a27e2c-0061-4f26-8474-1cb4286035b8,,Ray florets have :,1,,UNRESOLVED,question has no subject label -- cannot even narrow candidate source chapters deterministically
efe4b7b1-223f-4b14-bd28-3e7736e50825,,"— Methylbutan— 2 -ol
Br
|",1,,UNRESOLVED,question has no subject label -- cannot even narrow candidate source chapters deterministically
2cd9fc16-0e6a-4a28-8315-aaad468334ad,,— Methylbutan— 2 —ol,1,,UNRESOLVED,question has no subject label -- cannot even narrow candidate source chapters deterministically
236bb545-be0c-4942-9024-34e203df3bb2,,Ray florets have :,1,,UNRESOLVED,question has no subject label -- cannot even narrow candidate source chapters deterministically
2b35e4a5-b8c9-4903-baf4-50c563cf8068,,— Methylbutan— 2 - ol,1,,UNRESOLVED,question has no subject label -- cannot even narrow candidate source chapters deterministically
5b93a510-85bd-4510-96bd-a6cb7d683d62,,Penk > 4 5 78,1,,UNRESOLVED,question has no subject label -- cannot even narrow candidate source chapters deterministically
c6b6570a-0047-4c41-a053-450bee410fa9,,— Methylbutan— 2 -ol,1,,UNRESOLVED,question has no subject label -- cannot even narrow candidate source chapters deterministically
38a35ff3-c095-4fea-b3be-f39a974124ba,,Ray florets have :,1,,UNRESOLVED,question has no subject label -- cannot even narrow candidate source chapters deterministically
752048fd-f06f-4eab-88eb-83ab71262059,,Ray florets have :,1,,UNRESOLVED,question has no subject label -- cannot even narrow candidate source chapters deterministically
b1c407a8-80ae-4ffa-bf1c-f22797ce2955,,"wat Tor get I & fret aitfare:
ah
I wal
(Prete eat & (avez (nm))
aaernti 2 fara ee
.
at Bra Ta)
A. my =3 8 =2 I. 4102
B. my =4an,=2 I. 434.1
C a 5 WL 6563
. =5 = . :
meen
D. my =6 8m =2 IV. 486.1
ard f",8,,UNRESOLVED,question has no subject label -- cannot even narrow candidate source chapters deterministically
8400bfa7-097c-4392-bedf-0045632586b6,,"Gebs F 20 err Pot Heit S (Fraga) |e oi sa
amet 9.8 x 10-kg m2 21 ate Bs a raat art
al ORCA x x Oe Eat 2:
:
SZ",6,,UNRESOLVED,question has no subject label -- cannot even narrow candidate source chapters deterministically
27dc785d-6956-46fa-9c46-61f3464166c4,,"Awad & Sa & a Hl Slat Sl Waa ST aa
Fea VIRIM rie wa: 8 x 108 N m2 aa
2x 10! N m2% at ga an @t wad a gfe 8:
‘",3,,UNRESOLVED,question has no subject label -- cannot even narrow candidate source chapters deterministically
bc794db7-255d-4e30-9514-38b1ee11362c,,"kPaf - ~~ 4z 1b
100cm?> 400 cm?
vw",1,,UNRESOLVED,question has no subject label -- cannot even narrow candidate source chapters deterministically
1ca3f35c-8048-4f76-9a55-2f96be175e7b,,"Lar gett I & fers ater:
(were) (geet wafa- x)
A. waged IL x%=0
B. we gana I. O>x%2-1
C. aggraata WM. x>>1
D. agaaa Iv. O0<y < © (GH qa
aah AeA)
ara feu 7a faaeat a wa oat ghT:",10,,UNRESOLVED,question has no subject label -- cannot even narrow candidate source chapters deterministically
fed25619-f308-4676-8613-5706d243e214,,"fear ®: afeaer 8 aa Be ata
2uF 2uF
i yb",2,,UNRESOLVED,question has no subject label -- cannot even narrow candidate source chapters deterministically
6dbc223f-f0a6-4361-8de6-9d4a2e5f386c,,"we orest eter A Get al cena a agua
N
1
p_ ACC iret
Ny i) Bl arya V,: Vp cP ol
P
my a ee Fara) bea
GB) 1:2 2s
| 16 = 4.5 St Brean gt wa alls Gada Fara Tadt a
unt & ace oe at @ te fear ver El ale at ar ",14,,UNRESOLVED,question has no subject label -- cannot even narrow candidate source chapters deterministically
d0904c90-778a-40d3-a975-50b9e5cde099,,"WH We @ SAM Yel & SAM ST | ata am
10
zaaT oft 3 ar omen 31 qectta
_ g ame bisa ae
Te: 5 5",4,,UNRESOLVED,question has no subject label -- cannot even narrow candidate source chapters deterministically
e5541f0a-d077-4210-9d31-7c198b4154d9,,"eH ae Hl fet Ht IT (v) — THA (0) aT Atel Yaa:
=
*
1(3) >
ga ofa & fre aaa oad ACT (a) — BAA",1,,UNRESOLVED,question has no subject label -- cannot even narrow candidate source chapters deterministically
76ffae59-fe62-4487-900d-e74603528359,,"ee wey | he ow Cc
J J
Utada athe ahi Ue athearas BS HI OCC S 100°C aH
. .
ferret ar Als & TH feoer ore SI gaH Sot AAS
aa 8: ,",5,,UNRESOLVED,question has no subject label -- cannot even narrow candidate source chapters deterministically
17af0b49-e185-4143-96b3-4e324b4006cb,,"uP & dente at fers HFA Wh 210 V, 50 Hz
eile & sitet ara Safer A ere aor Rae AT TTT
(m=3.14):
+ =
=
C= 10 pF
210 V,50 Hz",5,,UNRESOLVED,question has no subject label -- cannot even narrow candidate source chapters deterministically
fdbdf501-876c-4b76-8653-4aebf86715ac,,"ddevAa Bal gad at HAM: | KWaaT2kKWIe
Sri ved Sef a A ae fae wae HA A eH fax
afta ata a wid ona ¥ ga SHH Raed A Rete art
a x",6,,UNRESOLVED,question has no subject label -- cannot even narrow candidate source chapters deterministically
6da68f48-5f15-4b3c-b80c-46e5e14167fc,,"aye 16 acti 4 @ SH-aT 2 Hiatal aa Ae
gata 3?",3,,UNRESOLVED,question has no subject label -- cannot even narrow candidate source chapters deterministically
895548d7-4630-43ae-983f-a185096c6d4a,,"Mn3*/Mn2+ aaa & fare E° at Cr3*/Cr?* at
3+/Pe2+ 4 Rratatad oftada & aren attr ear
aa . a %
sage
() a 8 a",6,,UNRESOLVED,question has no subject label -- cannot even narrow candidate source chapters deterministically
5eea8567-0a29-41bb-ab78-4f22073cb26e,,"Preafatad del a cas ae Ue & aed ma A
aaad alfa:
Li, Be, B, C, N
ara feu Te frnedt @ wal Sat Bera:",5,,UNRESOLVED,question has no subject label -- cannot even narrow candidate source chapters deterministically
723acb2f-aae8-45d7-90a4-b454a24df18d,,"AY AAC Hy Tea Ue Ate a a Ghaw ade sahara
SSH SE. ATA. We:",2,,UNRESOLVED,question has no subject label -- cannot even narrow candidate source chapters deterministically
2e2afbeb-b9ae-46c9-9108-d89fe1192c79,,"ae Lar gah 11 & are Pras afte:
wat I (HEA) A (waa
Il WM)
A. [Co(NH,),(NO,)]Cl, 1. feeerepitort
wares
B. [co(Nit,), (so,) }Br I. dent
earaaaat
C. | co( NH), | [Cr(CN),] TIL. trae
aaa
D. [co(H,0), cr, I",9,,UNRESOLVED,question has no subject label -- cannot even narrow candidate source chapters deterministically
bcc3f44f-521b-47c3-9a32-2dfd0d1d6823,,"freafahad Fa aa atti tere afta
aed?",4,,UNRESOLVED,question has no subject label -- cannot even narrow candidate source chapters deterministically
6fc461f0-5259-4968-848c-0283b98ee2b1,,"td eh wer feu ee:
wert 1: Ui wisesorree Uenetacy afta
wel edt 21
wer IL: Os aT Aster SIT a Al SAAT GT
aaa el
aor fu nu wert & amen wy, Aa eu ae roe @",7,,UNRESOLVED,question has no subject label -- cannot even narrow candidate source chapters deterministically
d3dd66db-fdd1-4a19-b2de-80d55ffc9437,,"ghia glsaak Stu:
if
AT ( ) WAT (ref
sartettet)
A. NH; 1. Bretofta frets
B. BrFs I. at anata
C. XeF, I. aera
D. SF IV. at tithe
fa fercmedt & wa sere gfe:
() hea BAV. oma
(2) A-Il, B-lll, C-IV, D-I
G6)",14,,UNRESOLVED,question has no subject label -- cannot even narrow candidate source chapters deterministically
b910d793-581a-4536-94ac-f0964c8948e6,,"at rat (A, B, Cy Ferg tral (Ky) ATT
ger: 145, 2x10 ait 35 kbar 6134 Fat a oT A
faetaee Fretted ar I TTT HEH B:
(I) A>C>B",5,,UNRESOLVED,question has no subject label -- cannot even narrow candidate source chapters deterministically
344fc8e9-fb7e-4249-8195-7a8da3e9d887,,"mL & aa soatta frat wan, ao amafatetra
SSAA SSSIHASS HI LAAT STAT SPT:",7,,UNRESOLVED,question has no subject label -- cannot even narrow candidate source chapters deterministically
206d76a4-25bf-4095-866a-1729c6cb2114,,Sefer ferent “AY ete &:,2,,UNRESOLVED,question has no subject label -- cannot even narrow candidate source chapters deterministically
595fbeb4-1ffb-4b9e-97f8-1c39469084ac,,"frente & & fara wait & ott aadh 7
A. Ue xo ate H afore Stat FI
B. ua feeaia ata a ag 130 KA 0 Kam aem 3
C. 2 NaHCO3(,) > NayCO3/.) + CO7(9) + HyO(p)
D. Clyg) > 2 Clip
Are feu 1a foment wat Sat GPT:
(l",22,,UNRESOLVED,question has no subject label -- cannot even narrow candidate source chapters deterministically
a9f8831e-8201-4cc0-a92a-3573fb185e61,,"adil an gar & ae fra afore:
aa ad Uf (at ada wears
(ar) % aaa Aten ar
yar)
.
A. WH 1% o-aTda aie
a n-arde
B. wail IL @ n-sder
C. wea ay Cy I. Uh o-3Teet
D. waa IV. w@ o-arda aft
we n-adet
. °",11,,UNRESOLVED,question has no subject label -- cannot even narrow candidate source chapters deterministically
3cd5f433-eba5-44a3-8cfc-cb7985fc968f,,fu me frat a wh sat GPT:,1,,UNRESOLVED,question has no subject label -- cannot even narrow candidate source chapters deterministically
aaf84412-b46b-4e89-bae1-a0a2817f6067,,"aftfrat 24 = B+C & fae K =4x10> 21 eet
c
feu me aay UK, afar Prarer ar dae BF:
[A]=[B]=[c]=2*10-3M.
erates a
as, 4a ata we e?",4,,UNRESOLVED,question has no subject label -- cannot even narrow candidate source chapters deterministically
f18bdec5-cf4d-4fd9-8bda-6ad54a3ee84c,,"att: aH SES ade fea F Takara eta s ?
NO,
a) Cr
HO",1,,UNRESOLVED,question has no subject label -- cannot even narrow candidate source chapters deterministically
c82ab4cd-1951-40cb-b306-3750b07a0012,,"Lair aS any =
G3) oa pica ant ae s",2,,UNRESOLVED,question has no subject label -- cannot even narrow candidate source chapters deterministically
087d3276-a1d8-427d-89ea-56f49ac926d3,,"Venema as ah SHAN SAAT WaT & SR
fear wa are 2:
R= =I moll
Fe rae , cal . ™ i .",5,,UNRESOLVED,question has no subject label -- cannot even narrow candidate source chapters deterministically
54ed55ab-b535-4f57-8e3a-00bed9b36186,,"N,=3.0 x 10-9 M, Oy = 4.2 x 103 Maite
NO = 2.8 10-3 M aiserait 2 eer Rant eer ora
2",3,,UNRESOLVED,question has no subject label -- cannot even narrow candidate source chapters deterministically
37a53768-07fc-41b6-94dc-5d97cfb4e7d9,,"ghia gar Sten
atl aa
A. antisites (frm) I. targalfatts & ar
Ol et
B. atearat I. wet & ofeu sar
Wer
C. waren Il. afea ugararit
AUT HIATT
Hl tat
D. Tint sae IV. deat & vert
& fae
. oy
aire feu ay frcoca",16,,UNRESOLVED,question has no subject label -- cannot even narrow candidate source chapters deterministically
4f4a3421-9975-46b8-8d15-8dc8fe9e9439,,Prat 3 a a stent,2,,UNRESOLVED,question has no subject label -- cannot even narrow candidate source chapters deterministically
b5d81fa2-8708-4864-8f10-81fdd108ef9c,,aat A.C. DattE,1,,UNRESOLVED,question has no subject label -- cannot even narrow candidate source chapters deterministically
48c93ddb-3a0f-4fd1-9926-072d0d3b22f6,,"waaay Tien FPia wet & fre are aie
BH STANT HUA S| HoT FAS TTA Hl His atfer et ett
% elie aera:",7,,UNRESOLVED,question has no subject label -- cannot even narrow candidate source chapters deterministically
17f1799b-44ff-4ffc-8e94-1ed3e986ed66,,"Wa at we feu ae:
wat Ds eT UC stare & ANT Wea eraail S
Sar Oe TES (Alaa) wit wa S fears SF wT
Zl
werd IL: feeites cease & ay Hl Vea
farerira areca & frat & ett 3
Sade Hal & ares F, few eo fraeat Fa we",13,,UNRESOLVED,question has no subject label -- cannot even narrow candidate source chapters deterministically
fbd0cefd-4076-4204-8b7b-ec6021a9b20e,,"Wangn aralfeattesa a Wearta (Hlhaet) 2:
Rig im Hal
(G3)",4,,UNRESOLVED,question has no subject label -- cannot even narrow candidate source chapters deterministically
d72d92e3-57d7-4829-8be4-2219443a85b5,,"attache alii (geet aa) Tacerh ett z:
() il (aratetee) Waele: wantar egererr",8,,UNRESOLVED,question has no subject label -- cannot even narrow candidate source chapters deterministically
ef360c54-f58b-44f1-8dcd-f404ffd2fe62,,"Lan gat ll @ fre afer:
A. waht 1 waiter
aershran
B. debelargetior I. @etargta
art
C. zgaisut IL. Sereftar arret
aehearer
D. eeloiad a. IV. qgairaiitr-A
ara fu ae frat Fa wal sae at Pre:",13,,UNRESOLVED,question has no subject label -- cannot even narrow candidate source chapters deterministically
f8d0971c-cba4-41d5-90af-3c75360f620d,,"& ana ftisa weed Trea & areca a
ae oa 21",4,,UNRESOLVED,question has no subject label -- cannot even narrow candidate source chapters deterministically
59576b09-6a70-476a-979d-a84cf6b855d1,,"qatar ae I a Fras wifsre:
eal eh Tr
A. wm sit & ata af 1 uetr eaweer
aahers Ter (au wTa)
B. F, date ar argrast I. err
AIA WAH AT (wig)
act
daht uetiet
C. rs 3 a fa Ml.
FS aa aterm
Dz aed ING IV. 4 arr",12,,UNRESOLVED,question has no subject label -- cannot even narrow candidate source chapters deterministically
6db8c45c-3920-48fa-bd5d-2ec5f28a96a2,,"ae at we feu 1g &:
wart Ls Pach Aull cleo gels Ya GH F
wer I: freterta (smrgadiferal) ¥ are afeard
wal att & chens are aafseral at sakes wPstareres
(argeetfrat) at fagroat & 1
Saad HAA & ater H, few m",17,,UNRESOLVED,question has no subject label -- cannot even narrow candidate source chapters deterministically
3fb7ec23-7d90-4666-9558-5b5cd54cf208,,"Frafafad a a ar a Breareraira (warcraft) gor
IU Saree?",4,,UNRESOLVED,question has no subject label -- cannot even narrow candidate source chapters deterministically
eb252bdc-05d3-4afd-b1ab-2730cb5af3f4,,"I Ia fre afer:
wt a ah 7
A se aaa 4 se
. ~ . die
B. rargentferftra IL agelettsar Afeaa
C. aegis arr I. argeteifgar cr
dageaers ciate SATE
faa (Sear) Aart
D. Wels vara IV. Atere ageterrgar
fHeit
ard fe",18,,UNRESOLVED,question has no subject label -- cannot even narrow candidate source chapters deterministically
8fbf2a9a-55b8-4257-b693-93cb430dd0df,,"§ ) ie ite) at aera .
2) <3 3 SAI ES Ge
( ) Rbelaiial .
3) queniad Ghat at aaia Be ag Tard wen
ol Fa a",6,,UNRESOLVED,question has no subject label -- cannot even narrow candidate source chapters deterministically
8c84d31d-6860-4de8-a6cf-5e82f647e4d0,,eftacan (aire) F sata DNAAeae 2:,4,,UNRESOLVED,question has no subject label -- cannot even narrow candidate source chapters deterministically
6489c923-896c-4baf-bc20-5883fc6c85e9,,"Wad oer Ru m?:
ae 1: aifrese HY saRtatt at agate ata a
Pager qa wei 81
aaa: ae Spat ed ait sean wea ra
Bar fay Ty Hea & Menta A ite few ae fermeat a eel
Oat Ol GA HU:",8,,UNRESOLVED,question has no subject label -- cannot even narrow candidate source chapters deterministically
85e7462b-f560-41f6-b145-34b6eef92dfb,,"ait ot Gh & ara Gates BA-
ciel wa
A. cafeert I &r Rear
B. feast IL a Fett
C. wer TL. tater Fett
D. vawifreer IV. seared
. Ty
Fret ferapeat wel Se Hr eT HU:",11,,UNRESOLVED,question has no subject label -- cannot even narrow candidate source chapters deterministically
8ff2deba-97c2-4fc0-978a-28e08d4cb7f8,,"Pret art a arpherae Te cera fer
wel",3,,UNRESOLVED,question has no subject label -- cannot even narrow candidate source chapters deterministically
e7fbde75-f7e0-47c8-bdfa-a948492bed07,,"fra 4 om eaufacan faa F?
ager attra
i wadaias aftr sit
C me
- me
D. asta guret
E.  faeefre vara vitae (ca vat ¥)
fra fiawt @ aaa GA Sat aI aa ee:
.",11,,UNRESOLVED,question has no subject label -- cannot even narrow candidate source chapters deterministically
b78d4f7b-d8ce-4266-9a8b-afc8b7b34f11,,"qt at eat 1% ara gaia wa
cel een
A. arsine angst I. Aeris 375
B. afar tas ongaet IL wieoe
. .
C. evita 4 ah BETS TL. fer qa
D. stata IV. upersi-20
fret freed @ al Sat SI aa HU:
- -1, C- -
() ACN, BL c",13,,UNRESOLVED,question has no subject label -- cannot even narrow candidate source chapters deterministically
aa1a7865-baa0-4bce-a587-d81a990b1572,,"Fra wert ot fra we:
A. wifas aa ya ade
B. witha ge qa daz
: Re :
C. Cebattiehar aryera ert & ;
D. weet ge Wea at z
Prt foneat FS Gel Sat GI TIT GU:
G) saa B",7,,UNRESOLVED,question has no subject label -- cannot even narrow candidate source chapters deterministically
a4088570-fbc3-4884-bb75-a57f41f1e974,,"qe Lat yeh I & ere yAfers BA
wal ; a
A. %<sfra aftrat I. Freeadt austen,
atta ahr
B. satter gat I. @aea wd ota
afeat nw acl, eet fe
C. wea dfaat I. are, alg The
wel erat
D. ws Ulectar IV. Jen, aa #",11,,UNRESOLVED,question has no subject label -- cannot even narrow candidate source chapters deterministically
5656df30-d23e-4cc5-aae1-3d6bb281ff02,,"I II wa ete —
bs wh ;
A. mgt I Yes da
B. afeerest Il wer da
C. weet Il. tergerargise de
wage ICES a
“ frat a wat ae a a
,",6,,UNRESOLVED,question has no subject label -- cannot even narrow candidate source chapters deterministically
1799fe02-903a-462a-b4d7-ea24fd82f08b,,"att la ait le aa Bafa mt
I A
wh ; wa
A. sto4 fagiy I. lat gra
B. a -aeetifrar OS
C. p -aereiPrar TH. 21at yet
D. aargttheet Riga IV. 16at 7ST
ra freed &@ aft cae at ae @e:",7,,UNRESOLVED,question has no subject label -- cannot even narrow candidate source chapters deterministically
3eb19f29-da73-425d-acb8-6b2870addd63,,"at ot att I & are Gates |A—
a a I
A. Seiatoo I.
B. W.  &arent
C. wratt Ul. otReaetar
D. ars IV. erat
foray aan aaa a aad:
:",7,,UNRESOLVED,question has no subject label -- cannot even narrow candidate source chapters deterministically
9f8135ce-1155-4eda-b949-a17de1d6014c,,"al THIS ara ianiin
A. HAGA [ate at
B. arnt & afer Hwee oa were
wa ted
C. fret Tl. ara
D. aeage WARE ECOMCOE
Bra frmedt & at ex GI TEA we:",10,,UNRESOLVED,question has no subject label -- cannot even narrow candidate source chapters deterministically
1eca16de-ee0b-436d-b82f-65523077b5eb,,fret Hats eheige erat el & ?,4,,UNRESOLVED,question has no subject label -- cannot even narrow candidate source chapters deterministically
44d4fc81-4e96-4279-8c34-1554a78791e5,,TACATGGCAAATATCCATTCAS >,1,,UNRESOLVED,question has no subject label -- cannot even narrow candidate source chapters deterministically
386e4ac0-4a8c-4dd3-86a8-cb53df1329be,,"aa 4 fear fara & dares & Art at Pret arora z:
A. i B.  yekbst &
Cc. ial = D. aa wre
B. wenn
. oo
fret fermeat 4 8 art & wel fered a Tat He",10,,UNRESOLVED,question has no subject label -- cannot even narrow candidate source chapters deterministically
ef04d18c-463c-4cdd-b727-8d85bac4fcdf,,"atl wt at & aa Gf HA
aa wail
A. upaliiréta afr lL ar apt
Nee
B. daar sana IL. ararsra
i . ‘
C. agetfirara IL. atrere Ate at
if airani
: : HAM HUTTE
D. ae a ifr Sree IV. Be Yer wt AH ae
fret fermedl & ",13,,UNRESOLVED,question has no subject label -- cannot even narrow candidate source chapters deterministically
a8a1fa9e-b163-494c-9463-b2dca76ceb6f,,"ep Caner froarfatey & saleahl am & Gat A ae or
Ut Gl UA He:
A. fearere Ganga afta ar Pratt
B. geet Coren aor ora firoreare @ ded & fre
aa at
C.  varat at Are
manent 3 . ant ®
D. eT 4 UT oa
B.  feerer ",16,,UNRESOLVED,question has no subject label -- cannot even narrow candidate source chapters deterministically
c7ecd793-d333-4c4f-b23b-468ec7ec590e,,"red at wert faq Tee: ;
ar: gratia ait aire det ated freit
dftra cite #1
‘a-Preht i .
en t aos a Ger A
MSTA HH UCR |
oar fu ay Gal & wens A Pra fone @ aaa sel
Set EA Hat:",11,,UNRESOLVED,question has no subject label -- cannot even narrow candidate source chapters deterministically
30a0b624-681b-464f-88dd-092afe4542be,,"Ara at waa feu ae:
wer 1: ake oon yer aden ott 3 wet aaa
altar wot tart Bie Senet eat FI
» SHY att ‘ ae
or Il 2 eat 5 Ud Tee et %
Tae ay CIs & FAY GAT TATA WaT
at eI
oar feu me Het & vera A Pr ferment",8,,UNRESOLVED,question has no subject label -- cannot even narrow candidate source chapters deterministically
1ed7ac18-ea16-4e3c-b624-20bffb1c3cea,,"s/hi uperi with “pe ' :
Thee rag sn =
2.",2,,UNRESOLVED,question has no subject label -- cannot even narrow candidate source chapters deterministically
81910109-ec11-4a0a-ba8b-d3aea2ecc01a,,"ook gila’ im: c sa in: re
. The et ene for net . "" i
s candi e An epla ly re cre} at
on he is een sm idem - oe ;
he did. - ne “ 3
a e A ore Do» : . .
ny reel ; :
9",5,,UNRESOLVED,question has no subject label -- cannot even narrow candidate source chapters deterministically
d83da52f-4761-41b8-8ffa-53030b69db18,,"af cpl SR UA Tore al
: | Fy | HIST
sR reat eneff ate aa
a fri qm wa
war at Wa qePaia
10.",5,,UNRESOLVED,question has no subject label -- cannot even narrow candidate source chapters deterministically
60bec4aa-fe56-4b60-82cd-4aca8f6f544e,,"Fos art & eet TRI
arta sat aA
11",1,,UNRESOLVED,question has no subject label -- cannot even narrow candidate source chapters deterministically
8094f950-9ff8-405b-9eda-90ad1d12e164,,"Noon cs sm =
fe) whi . : ""
No candi rote nih _
hi eS e, wi we :
entr ‘dat ht 7 :
1",4,,UNRESOLVED,question has no subject label -- cannot even narrow candidate source chapters deterministically
29e6dbb0-1847-4519-96b2-1d3a55140962,,"ae aaftert ae a)
ak Ara t Beit wa
. staat a amt fer Ss can a afe fe
—Ha/ ST et wet
14.",3,,UNRESOLVED,question has no subject label -- cannot even narrow candidate source chapters deterministically
4c22c7be-6c60-4059-8f4c-ff3d6c21c002,,"kPaf - - - 4 1b
' '
100 cm? 400 em",1,,UNRESOLVED,question has no subject label -- cannot even narrow candidate source chapters deterministically
908ffbea-0abb-4c49-ae7a-cb1da5733042,,Ray florets have :,1,,UNRESOLVED,question has no subject label -- cannot even narrow candidate source chapters deterministically
ec248cdb-5d1e-4dda-83ba-bd89e03232a3,,"— Methylbutan— 2 -—ol
con °",1,,UNRESOLVED,question has no subject label -- cannot even narrow candidate source chapters deterministically
22f8d69b-1e7c-47fb-b373-d8d058017dcc,,Ray florets have :,1,,UNRESOLVED,question has no subject label -- cannot even narrow candidate source chapters deterministically
c81a698a-98c1-4c87-9692-480c1bbd0930,,"— Methylbutan— 2 -ol
Br
|",1,,UNRESOLVED,question has no subject label -- cannot even narrow candidate source chapters deterministically
b2600027-4198-43c1-b081-36299543af23,,Ray florets have :,1,,UNRESOLVED,question has no subject label -- cannot even narrow candidate source chapters deterministically
d9a7f3fa-d479-4a55-8f1f-90b9422516a0,,— Methylbutan—2-ol T,1,,UNRESOLVED,question has no subject label -- cannot even narrow candidate source chapters deterministically
782a714a-4ffa-4422-9906-7be0365cd007,,— Methylbutan— 2 - ol,1,,UNRESOLVED,question has no subject label -- cannot even narrow candidate source chapters deterministically
b1d28e72-118a-4723-a4d5-11b6467eda6f,,Fol) 2 inted fi,1,,UNRESOLVED,question has no subject label -- cannot even narrow candidate source chapters deterministically
2ee43cc6-ddde-4a4e-b340-66ffaf4ec6f5,,— Methylbutan— 2 —ol,1,,UNRESOLVED,question has no subject label -- cannot even narrow candidate source chapters deterministically
a673cfcf-0b80-4868-aca2-6822c5415d7c,,"— Methylbutan— 2 - ol
Br
|",1,,UNRESOLVED,question has no subject label -- cannot even narrow candidate source chapters deterministically
362d421a-4ecd-44ba-a565-2f7c6e627475,,"angane durin: for splitti
agnesi (2 Os ‘ung
1",4,,UNRESOLVED,question has no subject label -- cannot even narrow candidate source chapters deterministically
