question_id,candidate_additional_search_terms,note
01a52aaa-6010-4ad8-8723-0218714b7509,away page pointed,"Terms drawn from option text only (A-D as presented to the student); no answer-key or correctness information used to select or rank these terms"
d92e91b3-36c0-452b-863d-f9927f97478d,false statement true,"Terms drawn from option text only; generic statement-pair vocabulary ('true'/'false'/'statement') -- low diagnostic specificity, likely to match many unrelated knowledge units if ever used for retrieval"
b8ac7a6d-c1a3-4e90-8120-deaf281e9415,acil,"Single short token from a match-the-column option fragment (e.g. 'A-II'); not a genuine scientific term, an artifact of option-label concatenation"
3d80c3e3-51c7-42d8-ae14-82197870776e,antipodals endosperm nucleus primary synergids,"Clear, specific Biology (embryology) vocabulary -- a strong candidate for restoring matchability if options were included in the retrieval query"
c9195714-b404-4fb7-b029-63beba9daadf,corpora ippocampus quadrigemina,"Specific Biology (neuroanatomy) vocabulary ('hippocampus' truncated to 'ippocampus' by the significant-word length/stopword filter cutting the leading 'h' -- actually an artifact of the word-boundary regex, not missing text); strong candidate"
13f4d365-c090-4519-bdd0-f1faa9be2325,antipodals endosperm nuclei nucleus polar primary rimary synergids zygote,"Clear, specific Biology (embryology) vocabulary, same topic area as the 3d80c3e3 row above -- both likely from the same chapter"
ff08f003-1e2a-4630-a4cb-4b34d841ab9e,cyhyo,"Garbled chemical formula fragment (likely 'C4H10' or similar misrendered by extraction) -- not a usable clean search term as-is"
13bf8afd-62b4-4361-a5fd-eb4f5a821f0e,aulil,"Match-the-column option-label artifact, not a genuine scientific term"
1f50c77b-0e70-49dc-ae54-25beda0fc723,afte aire gergana remmren whisra,"Non-English (Hindi, transliterated/garbled) option fragments -- this question's options appear to be bilingual (English/Hindi) NEET formatting; not usable English search terms"
f5ebfe43-c6b7-4b90-a403-eead64f2d26f,cocl,"Chemical formula fragment (likely 'CoCl' as part of a coordination-complex formula) -- partially usable but incomplete"
