question_id,year,paper_or_set,subject,chapter,original_extracted_text,original_options,source_filename,source_page,observed_corruption,proposed_reconstruction,reconstruction_evidence,confidence,review_status
cb5b50e5-9dd7-4cac-9518-d3ef2fd9c09b,2023,Paper-20231108005448,,,ol a1 p-4 ol,"A: 3x10"" °C | B: 3x10"" °C | C: 3x103 °C""! | D: : 3x10-2 °c""!",Paper_20231108005448.pdf,,TEXT_INTACT; SOURCE_UNAVAILABLE,,,,PENDING_HUMAN_REVIEW
06de2796-b781-4574-9ebf-3c399079e888,2023,Paper-20231108005448,,,"2p, <(z 2p, ="" 2p, )<o 2p,","A:  | B:  | C: ols<o"" Is<o2s<o"" 2s<o 2p, <
(2p, ="" 2p,)<(x°2p, =1""2py}<o"" 2p, | D: ois<o* Is<o2s<o° 2s<o2p, <
o” 2p, < (n2p, =n 2p, ) < (x* 2p, =n"" 2p,",Paper_20231108005448.pdf,,EXTRACTION_CORRUPTION_CONFIRMED; SOURCE_UNAVAILABLE,,,,PENDING_HUMAN_REVIEW
01a52aaa-6010-4ad8-8723-0218714b7509,2023,Paper-20231108010819,,,wel 2| 1 ti d fi,"A:  | B:  | C: Gr|'—Z| pointed away from page
Hoi 2 . . | D: Zpl|!—Z| pointed into the page
10",Paper_20231108010819.pdf,,TEXT_INTACT; OPTIONS_CONTAIN_SEARCH_TERMS; SOURCE_UNAVAILABLE,,,,PENDING_HUMAN_REVIEW
b74a768f-e21b-47fd-ac1d-dbcbe96e52c9,2023,Paper-20231108010819,,,"mH 3 «102 41 \n 7 our \n 320 V, 50 Hz",A: 10¥2 a | B: 159 | C: 5¥5Q | D: 252,Paper_20231108010819.pdf,,TEXT_INTACT; SOURCE_UNAVAILABLE,,,,PENDING_HUMAN_REVIEW
01f2e940-1f57-498c-825b-0733935a8403,2023,Paper-20231108010819,,,"2p, <(x""2p, = x 2p, ) <o"" 2p,","A:  | B: ols<o"" Is<o2s<o"" 2s<o 2p, <
* * *
(72, = 2p,)<(x PR =m 2r,)<o Pr | C: oIs<o"" Is<o2s<o"" 2s<o2p, <
7 . .
o 2p, <(72p, = 2p, <(x 2Py = 2py) | D: ols<o"" Is<028<0"" 2s <(12p, = 2p, )<",Paper_20231108010819.pdf,,EXTRACTION_CORRUPTION_CONFIRMED; SOURCE_UNAVAILABLE,,,,PENDING_HUMAN_REVIEW
5136087a-c2b9-40e7-9511-5be639450f45,2023,Paper-20231108010819,,,hat is th le of RNA pol Il i \n 6,A:  | B:  | C:  | D: ,Paper_20231108010819.pdf,,TEXT_INTACT; SOURCE_UNAVAILABLE,,,,PENDING_HUMAN_REVIEW
d92e91b3-36c0-452b-863d-f9927f97478d,2023,Paper-20231108010819,,,Bi hs I and S i,"A: Both Statement I and Statement
are true. | B: Both Statement I and Statement IT
are false. | C: Statement I is true but Statement II
is false. | D: Statement I is false but Statement II",Paper_20231108010819.pdf,,TEXT_INTACT; OPTIONS_CONTAIN_SEARCH_TERMS; SOURCE_UNAVAILABLE,,,,PENDING_HUMAN_REVIEW
b8ac7a6d-c1a3-4e90-8120-deaf281e9415,2024,Paper-20250124132822,,,n IL 5 ‘ ‘ av \n ee,"A:  | B:  | C:  | D: AcIl, B-IV, C-IIl, D-I
107",Paper_20250124132822.pdf,,TEXT_INTACT; OPTIONS_CONTAIN_SEARCH_TERMS; SOURCE_UNAVAILABLE,,,,PENDING_HUMAN_REVIEW
4c471a4e-9259-4d83-9788-5bad853c813a,2024,Paper-20250124132822,,,“CO ; B= i@) \n H3C H3C \n 87,A:  | B:  | C:  | D: ,Paper_20250124132822.pdf,,TEXT_INTACT; SOURCE_UNAVAILABLE,,,,PENDING_HUMAN_REVIEW
77c3299a-fb7d-4e66-89ab-618502569c2f,2023,Paper-20231108005054,,,eo mnt 300 3,A:  | B:  | C: 1985 | D: 1992,Paper_20231108005054.pdf,,TEXT_INTACT; SOURCE_UNAVAILABLE,,,,PENDING_HUMAN_REVIEW
3d80c3e3-51c7-42d8-ae14-82197870776e,2023,Paper-20231108005054,,,and oe “a d ori,"A:  | B:  | C:  | D: Antipodals, synergids, and primary
endosperm nucleus
130",Paper_20231108005054.pdf,,TEXT_INTACT; OPTIONS_CONTAIN_SEARCH_TERMS; SOURCE_UNAVAILABLE,,,,PENDING_HUMAN_REVIEW
12b4217b-2bd0-45d7-b443-0bfa720108f3,2023,Paper-20231108005837,,,"| b 4 - 1 10t, \n (G3) sin lay","A:  | B:  | C:  | D: sin |
12",Paper_20231108005837.pdf,,TEXT_INTACT; SOURCE_UNAVAILABLE,,,,PENDING_HUMAN_REVIEW
c9195714-b404-4fb7-b029-63beba9daadf,2023,Paper-20231108005837,,,¢ rj ina & hi,A:  | B:  | C:  | D: Corpora quadrigemina ippocampus,Paper_20231108005837.pdf,,TEXT_INTACT; OPTIONS_CONTAIN_SEARCH_TERMS; SOURCE_UNAVAILABLE,,,,PENDING_HUMAN_REVIEW
c491cac1-ac69-441d-be6b-bacd9cae5517,2023,Paper-20231108005008,,,10V 5V 10 ; \n E \n D C \n 70,A: 1.5 A from B to A through E | B: 0.2 A from B to A through E | C: 0.5 A from A to B through E | D: 2 A from A to B through E,Paper_20231108005008.pdf,,TEXT_INTACT; SOURCE_UNAVAILABLE,,,,PENDING_HUMAN_REVIEW
de50662f-d9c1-4807-a65f-43df6d2294d3,2023,Paper-20231108005008,,,"2p, <(r""2p, = x""2p, )<o"" 2p, \n . .","A:  | B:  | C: ols<o"" Is<o2s<o"" 2s<o 2p, <
(x2, = 2p,)<(x""2p, _ n*2p,)<o"" 2p, | D: ois<o* Is<o2s<o"" 2s<o2p, <
. . .
o 2p, <(n2p, =n 2p, )<(z 2p, =m 2p, }
76",Paper_20231108005008.pdf,,EXTRACTION_CORRUPTION_CONFIRMED; SOURCE_UNAVAILABLE,,,,PENDING_HUMAN_REVIEW
2e1442b6-32f8-46ed-beb5-bc864ee35217,2025,NEET-2025-EN-46,,,"(Li2+) =17.6 pm \n E,(He*) = -8.72*10-18 J; \n r,(He*) = 26.4 pm",A:  | B:  | C:  | D: ,NEET_2025_EN_46_NTA.pdf.pdf,,TEXT_INTACT; SOURCE_UNAVAILABLE,,,,PENDING_HUMAN_REVIEW
a4cf0fa3-2460-4f86-a5dc-047880f63f85,2023,Paper-20231108010906,,,"2p, <(r 2Py =m 2p, <o 2p, \n 5 . .","A:  | B:  | C: als<o"" Is<o2s<o"" 2s<o 2p, <
. . .
(72, = m2py)<(x 2p. =m 2p, ) <o 2p,
. . | D: als<o"" Is<o2s<o"" 2s<o 2p, <
. . .
o 2p, <(r2p, =n 2p, )<(x 2p, =m 2p,
. .
56",Paper_20231108010906.pdf,,EXTRACTION_CORRUPTION_CONFIRMED; SOURCE_UNAVAILABLE,,,,PENDING_HUMAN_REVIEW
25bbf62d-a741-407d-81d3-33ec6d435fce,2023,Paper-20231108011659,,,-6 2) 1.6«10-°T,"A: Lex10""T 2) 1.6 | B:  | C: 1.6x10-°T | D: 1.6x10-7T",Paper_20231108011659.pdf,,TEXT_INTACT; SOURCE_UNAVAILABLE,,,,PENDING_HUMAN_REVIEW
9474a352-a516-45d7-b383-da6789b8faa1,2023,Paper-20231108011659,,,"2p, <(x 2p, =m 2p, )<o 2p,","A:  | B:  | C: ols<o"" Is<o2s<o"" 2s<o 2p, <
(2p, =n 2p, ) < (x"" 2p,= 2p, ) <o° 2p, | D: ois<o* Is<o2s<o* 2s<o2p, <
* * *
o 2p, <(72p, == 2py)<(z 2p, =m 2p, }
54",Paper_20231108011659.pdf,,EXTRACTION_CORRUPTION_CONFIRMED; SOURCE_UNAVAILABLE,,,,PENDING_HUMAN_REVIEW
c4fb7507-469d-48e6-addd-880b464552ba,2023,Paper-20231108011040,,,"2p, <(x""2p, = x 2p, ) <6"" 2p,","A:  | B:  | C:  | D: ols<o* Is<o2s<o"" 2s<o 2p, <
2
. . .
(=2p, ~ n2p,)<(x 2px = 2p,)< o 2p,",Paper_20231108011040.pdf,,EXTRACTION_CORRUPTION_CONFIRMED; SOURCE_UNAVAILABLE,,,,PENDING_HUMAN_REVIEW
bf2bd7c5-13e3-4d5b-b338-23acc5ff5314,2023,Paper-20231108011040,,,"2: 2: 2p, =m2 \n . . . \n (x 2p, =a 2p, )<o 2p, < oO 2p, \n (6)) 6 Is<o"" Is<o2s<o"" 2s<(n2p, = 2p, )< \n y \n 6",A:  | B:  | C:  | D: ,Paper_20231108011040.pdf,,EXTRACTION_CORRUPTION_CONFIRMED; SOURCE_UNAVAILABLE,,,,PENDING_HUMAN_REVIEW
6a67e7ca-1dd2-4853-9d58-1b63fde9369f,2023,Paper-20231108010211,,,"2p, <(x*2p, =n"" 2p, )<o"" 2p,",A:  | B:  | C:  | D: ,Paper_20231108010211.pdf,,EXTRACTION_CORRUPTION_CONFIRMED; SOURCE_UNAVAILABLE,,,,PENDING_HUMAN_REVIEW
13f4d365-c090-4519-bdd0-f1faa9be2325,2023,Paper-20231108010211,,,§ ids. Z do Pri,"A:  | B: Synergids, Zygote an rimary
endosperm nucleus | C: Synergids, antipodals and Polar nuclei
: : | D: Synergids, Primary endosperm nucleus
and zygote
132",Paper_20231108010211.pdf,,TEXT_INTACT; OPTIONS_CONTAIN_SEARCH_TERMS; SOURCE_UNAVAILABLE,,,,PENDING_HUMAN_REVIEW
15980905-eefd-46c9-bcd0-4eb1c0bbc773,2025,NEET-2025-EN-47,,,1 B=-1 1 5 5,"A:  | B:  | C: 2 2 y 2 2
a=-~—,0=-—,p=-ly=-—,5==
1 1 ] 7 | D: a=-5,0=-5,B=-bLy=5.8=5",NEET_2025_EN_47_NTA.pdf.pdf,,TEXT_INTACT; SOURCE_UNAVAILABLE,,,,PENDING_HUMAN_REVIEW
3a3f3f14-beca-491b-84ae-02a3f7dabcdd,2023,Paper-20231108005158,,,"2p, <(n""2p, = x 2p,)<o"" 2p, 70","A:  | B: ols<o"" Is<o2s<o"" 2s<o 2p, <
Zz
. . .
(72, =T 2p,)<(x 2Px = 2p,)<o °P, | C: ois<o* Is<o2s<o"" 2s<o2p, <
o 2p, <(2p, = 2p, )< (*2p, = x"" 2p, ) | D: ols<o* Is<o2s<o"" 2s <(n2p, =n 2p,)<
(x""2p, = x 2p,)<o 2p, < o 2p,",Paper_20231108005158.pdf,,EXTRACTION_CORRUPTION_CONFIRMED; SOURCE_UNAVAILABLE,,,,PENDING_HUMAN_REVIEW
137da9f4-c364-4484-b599-e7908fc898c2,2023,Paper-20231108004734,,,"2p, <(x*2p, = x"" 2p, } <o"" 2p,","A:  | B: ols<o"" Is<o2s<o"" 2s<o 2p, <
(n2p, =n 2p, )< (x*2p, _ ""2p, )< o* 2p,
‘ | C: ols<o"" Is<o2s<o"" 2s<o2p, <
. . .
o 2p, <(72p, =n 2p, )<(z 2p, =7 2p,
* * | D: ols<o Is<o2s<o 2s< (72p, =%2Py <
(x""2p, _ x"" 2p, <0 2p, < o* 2p,
66",Paper_20231108004734.pdf,,EXTRACTION_CORRUPTION_CONFIRMED; SOURCE_UNAVAILABLE,,,,PENDING_HUMAN_REVIEW
ff08f003-1e2a-4630-a4cb-4b34d841ab9e,2023,Paper-20231108012938,,,ii) H30* [A] 4 [5] \n ot \n ar [(] Was ner? [PI \n HB,"A: CyHyo | B: HC=C® Na* | C: CY
oT | D: ",Paper_20231108012938.pdf,,TEXT_INTACT; OPTIONS_CONTAIN_SEARCH_TERMS; SOURCE_UNAVAILABLE,,,,PENDING_HUMAN_REVIEW
abd4ab39-be35-4f64-9045-3c5cb73a94ec,2023,Paper-20231108011342,,,"2: 2: 2p, =m2 \n (x""2p, =x° 2p, <o2p, < 6” 2p,","A:  | B:  | C:  | D: ols<o"" Is<o2s<o"" 2s <(n2p, =n 2p, )<
. . .
5",Paper_20231108011342.pdf,,EXTRACTION_CORRUPTION_CONFIRMED; SOURCE_UNAVAILABLE,,,,PENDING_HUMAN_REVIEW
ba6e1b64-62d8-4be7-bbfd-42d4a8bda26d,2023,Paper-20231108011342,,,"2p, <(x 2p, =1 2p, )<o 2p,",A:  | B:  | C:  | D: ,Paper_20231108011342.pdf,,EXTRACTION_CORRUPTION_CONFIRMED; SOURCE_UNAVAILABLE,,,,PENDING_HUMAN_REVIEW
13bf8afd-62b4-4361-a5fd-eb4f5a821f0e,2023,Paper-20231108011342,,,"L BAL. CL D-Iv \n G) Ac, BAL, Ci, D-","A:  | B:  | C:  | D: AUlIl, B-l, C-IV, D-II
;
172",Paper_20231108011342.pdf,,TEXT_INTACT; OPTIONS_CONTAIN_SEARCH_TERMS; SOURCE_UNAVAILABLE,,,,PENDING_HUMAN_REVIEW
030dc7b8-c176-4c2f-9116-a633816cd219,2024,Paper-20250124133115,,,kPa - -- 43 1b \n 100cm> 400 cm? \n v—,A: -907 | B: -60/ | C: 9a | D: 307,Paper_20250124133115.pdf,,TEXT_INTACT; SOURCE_UNAVAILABLE,,,,PENDING_HUMAN_REVIEW
1f50c77b-0e70-49dc-ae54-25beda0fc723,2024,Paper-20250124133115,,,"g mol""!, 1F = 96487 C)","A: 31.52 | B: 0.0315 g
G) 3.15¢ | C:  | D: 0.315 g
| g7 ua afte X FAH 32%, BH 20% aire sre whisra C
& laa X ar Gergana: 3:
(Remmren?: van A = 64: B=40;C=32u)",Paper_20250124133115.pdf,,TEXT_INTACT; OPTIONS_CONTAIN_SEARCH_TERMS; SOURCE_UNAVAILABLE,,,,PENDING_HUMAN_REVIEW
868b96ec-6d5a-4e8c-85dd-1d9989552b07,2024,Paper-20250124133115,,,"he A: fui - - . a \n mt te Ion : "" \n 11.",A:  | B:  | C:  | D: ,Paper_20250124133115.pdf,,TEXT_INTACT; SOURCE_UNAVAILABLE,,,,PENDING_HUMAN_REVIEW
a13449f8-ace8-4735-99d8-a3f11049109c,2024,Paper-20250124133206,,,"10! N m™®, is:",A: 0.4mm | B: 40mm | C: 8mm | D: 4mm,Paper_20250124133206.pdf,,TEXT_INTACT; SOURCE_UNAVAILABLE,,,,PENDING_HUMAN_REVIEW
65ee6efe-0a4a-4bb8-986d-c37b71f5fa4f,2023,Paper-20231108005321,,,Atl BL Cw hn,"A:  | B:  | C:  | D: A-Il, B-IV, C-L, D-III
:
143",Paper_20231108005321.pdf,,TEXT_INTACT; SOURCE_UNAVAILABLE,,,,PENDING_HUMAN_REVIEW
1e9839b1-a151-4f5f-84a7-f4ab0a224b87,2023,Paper-20231108005321,,,AIL BAL CW. DI,"A:  | B:  | C:  | D: A-II, B-IIL, C-IV, D-I",Paper_20231108005321.pdf,,TEXT_INTACT; SOURCE_UNAVAILABLE,,,,PENDING_HUMAN_REVIEW
e05f582f-950c-4228-94e2-577bba6ce968,2023,Paper-20231108011242,,,"2p, < (x""2p, =0 2Py ) <6"" 2p, \n . *","A:  | B: Gis<o' Is<o2s<o° 2s<o 2p, <
(72p, =n2p,)<(x 2Py =™ 2py}<o 2P, | C: ols<o* Ils<o2s<o"" 2s<o2p, <
o 2p, <(72p, =n 2py)<(x 2p, = 2,) | D: ols <o* Ils<o2s<o"" 2s< (x2, =n2p, ) e
(x 2p, =™ 2py ) <o2p,< © 2p,",Paper_20231108011242.pdf,,TEXT_INTACT; SOURCE_UNAVAILABLE,,,,PENDING_HUMAN_REVIEW
66dadabe-df6f-4a8b-9da6-07b19f945678,2023,Paper-20231108011242,,,ATL BA. Ch bd,"A:  | B:  | C:  | D: A-II, B-III, C-I, D-IV
160",Paper_20231108011242.pdf,,TEXT_INTACT; SOURCE_UNAVAILABLE,,,,PENDING_HUMAN_REVIEW
329b6c67-5e51-4c05-b7d0-00574f8aed2a,2023,Paper-20231108011242,,,Gi bel t tat t \n 1,A:  | B:  | C:  | D: ,Paper_20231108011242.pdf,,TEXT_INTACT; SOURCE_UNAVAILABLE,,,,PENDING_HUMAN_REVIEW
f5ebfe43-c6b7-4b90-a403-eead64f2d26f,2023,Paper-20231108010507,,,= Which 1 i le?,"A: [ CoCl, (en), | NOs | B: [Co( NH), (SO), | C: [Co(NH,), (H,0)Br |(No,), | D: [co(NH,), (NO),",Paper_20231108010507.pdf,,TEXT_INTACT; OPTIONS_CONTAIN_SEARCH_TERMS; SOURCE_UNAVAILABLE,,,,PENDING_HUMAN_REVIEW
3c3a3410-1e2b-41a6-908f-6eb971f11a66,2023,Paper-20231108011127,,,"2p, <(n*2p, =n"" 2p, }<o* 2p","A:  | B:  | C:  | D: cls<o"" Is<o2s<o"" 2s<o 2p, <
(72, =n 2p, ) < (x° 2p, =n 2p, <o"" 2p,",Paper_20231108011127.pdf,,EXTRACTION_CORRUPTION_CONFIRMED; SOURCE_UNAVAILABLE,,,,PENDING_HUMAN_REVIEW
a57c6b04-7b2b-4fa0-92ca-256eaccefe94,2023,Paper-20231108010032,,,"2p, < (x""2p, - x 2p, ) <o* 2p,","A:  | B: ols<o"" Is<o2s<o"" 2s<o 2p, <
(2p, =n 2p, )<(x""2p, =n"" 2p, )<o” 2p, | C: ols<o"" Is<o2s<o"" 2s<o2p, <
5° 2p, <(n2p, = 2 2p, )<(x°2p, =2""2p,) | D: ols<o"" Is<628<o"" 2s<(n2p, =n 2p, )<
(x*2p, =2°2p,)<o 2p, < o 2p,",Paper_20231108010032.pdf,,EXTRACTION_CORRUPTION_CONFIRMED; SOURCE_UNAVAILABLE,,,,PENDING_HUMAN_REVIEW
