question_id,subject,reason,stem_preview
407a0b65-b6fd-4e64-bb42-ef49bdc03742,,zero_shared_significant_words_with_any_ingested_unit,", 1 ; ; Hine j
5"
cb5b50e5-9dd7-4cac-9518-d3ef2fd9c09b,,empty_or_no_significant_words_in_stem,ol a1 p-4 ol
ca01cbd8-da23-432e-83ca-d8e0f52a3ad0,,zero_shared_significant_words_with_any_ingested_unit,"— Methylbutan— 2 —ol
CH,
|"
06de2796-b781-4574-9ebf-3c399079e888,,empty_or_no_significant_words_in_stem,"2p, <(z 2p, ="" 2p, )<o 2p,"
c59ea2a9-f0ff-4ed7-b6fc-b0dc4ee5f609,,zero_shared_significant_words_with_any_ingested_unit,Ray florets have :
01a52aaa-6010-4ad8-8723-0218714b7509,,empty_or_no_significant_words_in_stem,wel 2| 1 ti d fi
b74a768f-e21b-47fd-ac1d-dbcbe96e52c9,,empty_or_no_significant_words_in_stem,"mH 3 «102 41
7 our
320 V, 50 Hz"
d1b11c42-e498-4bd0-a1d8-3831bf4d8bd8,,zero_shared_significant_words_with_any_ingested_unit,"— Methylbutan— 2 —ol
Br 61
1 |"
01f2e940-1f57-498c-825b-0733935a8403,,empty_or_no_significant_words_in_stem,"2p, <(x""2p, = x 2p, ) <o"" 2p,"
5136087a-c2b9-40e7-9511-5be639450f45,,empty_or_no_significant_words_in_stem,"hat is th le of RNA pol Il i
6"
d92e91b3-36c0-452b-863d-f9927f97478d,,empty_or_no_significant_words_in_stem,Bi hs I and S i
d538d4eb-a340-419b-aea9-2b930f0ddf2f,,zero_shared_significant_words_with_any_ingested_unit,"— Methylbutan—2—ol
cH
i 3
1 H.-C_-CH.B"
b8ac7a6d-c1a3-4e90-8120-deaf281e9415,,empty_or_no_significant_words_in_stem,"n IL 5 ‘ ‘ av
ee"
f3b4b91a-9905-4bdc-bfa4-919e2fc76755,,zero_shared_significant_words_with_any_ingested_unit,"kPat - -- +g b
00cm? 400 cm?
v—"
4c471a4e-9259-4d83-9788-5bad853c813a,,empty_or_no_significant_words_in_stem,"“CO ; B= i@)
H3C H3C
87"
64984095-c8b4-4e15-99aa-870c5ab8bf55,,zero_shared_significant_words_with_any_ingested_unit,— Methylbutan— 2 - ol
77c3299a-fb7d-4e66-89ab-618502569c2f,,empty_or_no_significant_words_in_stem,eo mnt 300 3
3d80c3e3-51c7-42d8-ae14-82197870776e,,empty_or_no_significant_words_in_stem,and oe “a d ori
12b4217b-2bd0-45d7-b443-0bfa720108f3,,empty_or_no_significant_words_in_stem,"| b 4 - 1 10t,
(G3) sin lay"
c9195714-b404-4fb7-b029-63beba9daadf,,empty_or_no_significant_words_in_stem,¢ rj ina & hi
e1f16a40-520c-49a6-9917-888b7342b68c,,zero_shared_significant_words_with_any_ingested_unit,oe -2| inted into th
3db64c15-a510-4803-956f-1d4af966334e,,zero_shared_significant_words_with_any_ingested_unit,"— Methylbutan— 2 -—ol
CH,
|"
c491cac1-ac69-441d-be6b-bacd9cae5517,,empty_or_no_significant_words_in_stem,"10V 5V 10 ;
E
D C
70"
cc967849-99cb-4dca-a4d8-8ea1b953ea17,,zero_shared_significant_words_with_any_ingested_unit,"— Methylbutan— 2 -ol
Hs"
de50662f-d9c1-4807-a65f-43df6d2294d3,,empty_or_no_significant_words_in_stem,"2p, <(r""2p, = x""2p, )<o"" 2p,
. ."
2e1442b6-32f8-46ed-beb5-bc864ee35217,,empty_or_no_significant_words_in_stem,"(Li2+) =17.6 pm
E,(He*) = -8.72*10-18 J;
r,(He*) = 26.4 pm"
a6414534-7331-44ca-bc6a-54b5b5bfa78b,,zero_shared_significant_words_with_any_ingested_unit,"— Methylbutan— 2 -—ol
Br
|"
a4cf0fa3-2460-4f86-a5dc-047880f63f85,,empty_or_no_significant_words_in_stem,"2p, <(r 2Py =m 2p, <o 2p,
5 . ."
9792ac0b-591f-4d64-8aca-783d9d214e29,,zero_shared_significant_words_with_any_ingested_unit,"— Methylbutan— 2 —ol
CH;
( ) CHs ~6~ CH Br
CH,
Br
|"
9872e38d-8a05-488f-8ffa-3634c69930d4,,zero_shared_significant_words_with_any_ingested_unit,Ray florets have :
74542f93-8429-407b-b181-7b5046010583,,zero_shared_significant_words_with_any_ingested_unit,"— Methylbutan— 2 -ol
66"
3d778064-2604-46cc-8972-861a3c62f26d,,zero_shared_significant_words_with_any_ingested_unit,Ray florets have :
25bbf62d-a741-407d-81d3-33ec6d435fce,,empty_or_no_significant_words_in_stem,-6 2) 1.6«10-°T
fde5fe66-dfcd-4355-a919-8817be1ab9c3,,zero_shared_significant_words_with_any_ingested_unit,"— Methylbutan— 2 —-ol
os"
9474a352-a516-45d7-b383-da6789b8faa1,,empty_or_no_significant_words_in_stem,"2p, <(x 2p, =m 2p, )<o 2p,"
229e6e82-29cd-4d03-87a8-238eaa69c3b4,,zero_shared_significant_words_with_any_ingested_unit,Holl 2 inted fi
c4fb7507-469d-48e6-addd-880b464552ba,,empty_or_no_significant_words_in_stem,"2p, <(x""2p, = x 2p, ) <6"" 2p,"
eb492d5a-554e-4edd-ae9f-0d8f6930448c,,zero_shared_significant_words_with_any_ingested_unit,— Methylbutan— 2 — ol
bf2bd7c5-13e3-4d5b-b338-23acc5ff5314,,empty_or_no_significant_words_in_stem,"2: 2: 2p, =m2
. . .
(x 2p, =a 2p, )<o 2p, < oO 2p,
(6)) 6 Is<o"" Is<o2s<o"" 2s<(n2p, = 2p, )<
y
6"
879a40ab-e95d-42a1-8539-6886e5d5380f,,zero_shared_significant_words_with_any_ingested_unit,conte! expranation of A R is NOT
c7d4d2f7-26d1-4c40-9661-49f6e5347f40,,zero_shared_significant_words_with_any_ingested_unit,— Methylbutan— 2 -ol 61
6a67e7ca-1dd2-4853-9d58-1b63fde9369f,,empty_or_no_significant_words_in_stem,"2p, <(x*2p, =n"" 2p, )<o"" 2p,"
13f4d365-c090-4519-bdd0-f1faa9be2325,,empty_or_no_significant_words_in_stem,§ ids. Z do Pri
15980905-eefd-46c9-bcd0-4eb1c0bbc773,,empty_or_no_significant_words_in_stem,1 B=-1 1 5 5
6ee2f3cc-a4cf-4f26-99cc-667d995d3249,,zero_shared_significant_words_with_any_ingested_unit,Ray florets have :
3a3f3f14-beca-491b-84ae-02a3f7dabcdd,,empty_or_no_significant_words_in_stem,"2p, <(n""2p, = x 2p,)<o"" 2p, 70"
f95519d3-ef2a-41df-bd79-6d0202d191f6,,zero_shared_significant_words_with_any_ingested_unit,"— Methylbutan— 2 -ol
r"
69a27e2c-0061-4f26-8474-1cb4286035b8,,zero_shared_significant_words_with_any_ingested_unit,Ray florets have :
137da9f4-c364-4484-b599-e7908fc898c2,,empty_or_no_significant_words_in_stem,"2p, <(x*2p, = x"" 2p, } <o"" 2p,"
efe4b7b1-223f-4b14-bd28-3e7736e50825,,zero_shared_significant_words_with_any_ingested_unit,"— Methylbutan— 2 -ol
Br
|"
2cd9fc16-0e6a-4a28-8315-aaad468334ad,,zero_shared_significant_words_with_any_ingested_unit,— Methylbutan— 2 —ol
ff08f003-1e2a-4630-a4cb-4b34d841ab9e,,empty_or_no_significant_words_in_stem,"ii) H30* [A] 4 [5]
ot
ar [(] Was ner? [PI
HB"
236bb545-be0c-4942-9024-34e203df3bb2,,zero_shared_significant_words_with_any_ingested_unit,Ray florets have :
2b35e4a5-b8c9-4903-baf4-50c563cf8068,,zero_shared_significant_words_with_any_ingested_unit,— Methylbutan— 2 - ol
5b93a510-85bd-4510-96bd-a6cb7d683d62,,zero_shared_significant_words_with_any_ingested_unit,Penk > 4 5 78
abd4ab39-be35-4f64-9045-3c5cb73a94ec,,empty_or_no_significant_words_in_stem,"2: 2: 2p, =m2
(x""2p, =x° 2p, <o2p, < 6” 2p,"
c6b6570a-0047-4c41-a053-450bee410fa9,,zero_shared_significant_words_with_any_ingested_unit,— Methylbutan— 2 -ol
ba6e1b64-62d8-4be7-bbfd-42d4a8bda26d,,empty_or_no_significant_words_in_stem,"2p, <(x 2p, =1 2p, )<o 2p,"
13bf8afd-62b4-4361-a5fd-eb4f5a821f0e,,empty_or_no_significant_words_in_stem,"L BAL. CL D-Iv
G) Ac, BAL, Ci, D-"
38a35ff3-c095-4fea-b3be-f39a974124ba,,zero_shared_significant_words_with_any_ingested_unit,Ray florets have :
752048fd-f06f-4eab-88eb-83ab71262059,,zero_shared_significant_words_with_any_ingested_unit,Ray florets have :
b1c407a8-80ae-4ffa-bf1c-f22797ce2955,,zero_shared_significant_words_with_any_ingested_unit,"wat Tor get I & fret aitfare:
ah
I wal
(Prete eat & (avez (nm))
aaernti 2 fara ee
.
at Bra Ta)
A. my =3 8 =2 I. 4102
B. my =4an,=2 I. 434.1
C a 5 WL 6563
. =5 = . :
meen
D. my =6 8m =2 IV. 486.1
ard f"
8400bfa7-097c-4392-bedf-0045632586b6,,zero_shared_significant_words_with_any_ingested_unit,"Gebs F 20 err Pot Heit S (Fraga) |e oi sa
amet 9.8 x 10-kg m2 21 ate Bs a raat art
al ORCA x x Oe Eat 2:
:
SZ"
27dc785d-6956-46fa-9c46-61f3464166c4,,zero_shared_significant_words_with_any_ingested_unit,"Awad & Sa & a Hl Slat Sl Waa ST aa
Fea VIRIM rie wa: 8 x 108 N m2 aa
2x 10! N m2% at ga an @t wad a gfe 8:
‘"
bc794db7-255d-4e30-9514-38b1ee11362c,,zero_shared_significant_words_with_any_ingested_unit,"kPaf - ~~ 4z 1b
100cm?> 400 cm?
vw"
030dc7b8-c176-4c2f-9116-a633816cd219,,empty_or_no_significant_words_in_stem,"kPa - -- 43 1b
100cm> 400 cm?
v—"
1ca3f35c-8048-4f76-9a55-2f96be175e7b,,zero_shared_significant_words_with_any_ingested_unit,"Lar gett I & fers ater:
(were) (geet wafa- x)
A. waged IL x%=0
B. we gana I. O>x%2-1
C. aggraata WM. x>>1
D. agaaa Iv. O0<y < © (GH qa
aah AeA)
ara feu 7a faaeat a wa oat ghT:"
fed25619-f308-4676-8613-5706d243e214,,zero_shared_significant_words_with_any_ingested_unit,"fear ®: afeaer 8 aa Be ata
2uF 2uF
i yb"
6dbc223f-f0a6-4361-8de6-9d4a2e5f386c,,zero_shared_significant_words_with_any_ingested_unit,"we orest eter A Get al cena a agua
N
1
p_ ACC iret
Ny i) Bl arya V,: Vp cP ol
P
my a ee Fara) bea
GB) 1:2 2s
| 16 = 4.5 St Brean gt wa alls Gada Fara Tadt a
unt & ace oe at @ te fear ver El ale at ar "
d0904c90-778a-40d3-a975-50b9e5cde099,,zero_shared_significant_words_with_any_ingested_unit,"WH We @ SAM Yel & SAM ST | ata am
10
zaaT oft 3 ar omen 31 qectta
_ g ame bisa ae
Te: 5 5"
e5541f0a-d077-4210-9d31-7c198b4154d9,,zero_shared_significant_words_with_any_ingested_unit,"eH ae Hl fet Ht IT (v) — THA (0) aT Atel Yaa:
=
*
1(3) >
ga ofa & fre aaa oad ACT (a) — BAA"
76ffae59-fe62-4487-900d-e74603528359,,zero_shared_significant_words_with_any_ingested_unit,"ee wey | he ow Cc
J J
Utada athe ahi Ue athearas BS HI OCC S 100°C aH
. .
ferret ar Als & TH feoer ore SI gaH Sot AAS
aa 8: ,"
17af0b49-e185-4143-96b3-4e324b4006cb,,zero_shared_significant_words_with_any_ingested_unit,"uP & dente at fers HFA Wh 210 V, 50 Hz
eile & sitet ara Safer A ere aor Rae AT TTT
(m=3.14):
+ =
=
C= 10 pF
210 V,50 Hz"
fdbdf501-876c-4b76-8653-4aebf86715ac,,zero_shared_significant_words_with_any_ingested_unit,"ddevAa Bal gad at HAM: | KWaaT2kKWIe
Sri ved Sef a A ae fae wae HA A eH fax
afta ata a wid ona ¥ ga SHH Raed A Rete art
a x"
6da68f48-5f15-4b3c-b80c-46e5e14167fc,,zero_shared_significant_words_with_any_ingested_unit,"aye 16 acti 4 @ SH-aT 2 Hiatal aa Ae
gata 3?"
895548d7-4630-43ae-983f-a185096c6d4a,,zero_shared_significant_words_with_any_ingested_unit,"Mn3*/Mn2+ aaa & fare E° at Cr3*/Cr?* at
3+/Pe2+ 4 Rratatad oftada & aren attr ear
aa . a %
sage
() a 8 a"
5eea8567-0a29-41bb-ab78-4f22073cb26e,,zero_shared_significant_words_with_any_ingested_unit,"Preafatad del a cas ae Ue & aed ma A
aaad alfa:
Li, Be, B, C, N
ara feu Te frnedt @ wal Sat Bera:"
723acb2f-aae8-45d7-90a4-b454a24df18d,,zero_shared_significant_words_with_any_ingested_unit,"AY AAC Hy Tea Ue Ate a a Ghaw ade sahara
SSH SE. ATA. We:"
2e2afbeb-b9ae-46c9-9108-d89fe1192c79,,zero_shared_significant_words_with_any_ingested_unit,"ae Lar gah 11 & are Pras afte:
wat I (HEA) A (waa
Il WM)
A. [Co(NH,),(NO,)]Cl, 1. feeerepitort
wares
B. [co(Nit,), (so,) }Br I. dent
earaaaat
C. | co( NH), | [Cr(CN),] TIL. trae
aaa
D. [co(H,0), cr, I"
bcc3f44f-521b-47c3-9a32-2dfd0d1d6823,,zero_shared_significant_words_with_any_ingested_unit,"freafahad Fa aa atti tere afta
aed?"
6fc461f0-5259-4968-848c-0283b98ee2b1,,zero_shared_significant_words_with_any_ingested_unit,"td eh wer feu ee:
wert 1: Ui wisesorree Uenetacy afta
wel edt 21
wer IL: Os aT Aster SIT a Al SAAT GT
aaa el
aor fu nu wert & amen wy, Aa eu ae roe @"
d3dd66db-fdd1-4a19-b2de-80d55ffc9437,,zero_shared_significant_words_with_any_ingested_unit,"ghia glsaak Stu:
if
AT ( ) WAT (ref
sartettet)
A. NH; 1. Bretofta frets
B. BrFs I. at anata
C. XeF, I. aera
D. SF IV. at tithe
fa fercmedt & wa sere gfe:
() hea BAV. oma
(2) A-Il, B-lll, C-IV, D-I
G6)"
b910d793-581a-4536-94ac-f0964c8948e6,,zero_shared_significant_words_with_any_ingested_unit,"at rat (A, B, Cy Ferg tral (Ky) ATT
ger: 145, 2x10 ait 35 kbar 6134 Fat a oT A
faetaee Fretted ar I TTT HEH B:
(I) A>C>B"
344fc8e9-fb7e-4249-8195-7a8da3e9d887,,zero_shared_significant_words_with_any_ingested_unit,"mL & aa soatta frat wan, ao amafatetra
SSAA SSSIHASS HI LAAT STAT SPT:"
206d76a4-25bf-4095-866a-1729c6cb2114,,zero_shared_significant_words_with_any_ingested_unit,Sefer ferent “AY ete &:
595fbeb4-1ffb-4b9e-97f8-1c39469084ac,,zero_shared_significant_words_with_any_ingested_unit,"frente & & fara wait & ott aadh 7
A. Ue xo ate H afore Stat FI
B. ua feeaia ata a ag 130 KA 0 Kam aem 3
C. 2 NaHCO3(,) > NayCO3/.) + CO7(9) + HyO(p)
D. Clyg) > 2 Clip
Are feu 1a foment wat Sat GPT:
(l"
a9f8831e-8201-4cc0-a92a-3573fb185e61,,zero_shared_significant_words_with_any_ingested_unit,"adil an gar & ae fra afore:
aa ad Uf (at ada wears
(ar) % aaa Aten ar
yar)
.
A. WH 1% o-aTda aie
a n-arde
B. wail IL @ n-sder
C. wea ay Cy I. Uh o-3Teet
D. waa IV. w@ o-arda aft
we n-adet
. °"
3cd5f433-eba5-44a3-8cfc-cb7985fc968f,,zero_shared_significant_words_with_any_ingested_unit,fu me frat a wh sat GPT:
aaf84412-b46b-4e89-bae1-a0a2817f6067,,zero_shared_significant_words_with_any_ingested_unit,"aftfrat 24 = B+C & fae K =4x10> 21 eet
c
feu me aay UK, afar Prarer ar dae BF:
[A]=[B]=[c]=2*10-3M.
erates a
as, 4a ata we e?"
f18bdec5-cf4d-4fd9-8bda-6ad54a3ee84c,,zero_shared_significant_words_with_any_ingested_unit,"att: aH SES ade fea F Takara eta s ?
NO,
a) Cr
HO"
c82ab4cd-1951-40cb-b306-3750b07a0012,,zero_shared_significant_words_with_any_ingested_unit,"Lair aS any =
G3) oa pica ant ae s"
087d3276-a1d8-427d-89ea-56f49ac926d3,,zero_shared_significant_words_with_any_ingested_unit,"Venema as ah SHAN SAAT WaT & SR
fear wa are 2:
R= =I moll
Fe rae , cal . ™ i ."
1f50c77b-0e70-49dc-ae54-25beda0fc723,,empty_or_no_significant_words_in_stem,"g mol""!, 1F = 96487 C)"
54ed55ab-b535-4f57-8e3a-00bed9b36186,,zero_shared_significant_words_with_any_ingested_unit,"N,=3.0 x 10-9 M, Oy = 4.2 x 103 Maite
NO = 2.8 10-3 M aiserait 2 eer Rant eer ora
2"
37a53768-07fc-41b6-94dc-5d97cfb4e7d9,,zero_shared_significant_words_with_any_ingested_unit,"ghia gar Sten
atl aa
A. antisites (frm) I. targalfatts & ar
Ol et
B. atearat I. wet & ofeu sar
Wer
C. waren Il. afea ugararit
AUT HIATT
Hl tat
D. Tint sae IV. deat & vert
& fae
. oy
aire feu ay frcoca"
4f4a3421-9975-46b8-8d15-8dc8fe9e9439,,zero_shared_significant_words_with_any_ingested_unit,Prat 3 a a stent
b5d81fa2-8708-4864-8f10-81fdd108ef9c,,zero_shared_significant_words_with_any_ingested_unit,aat A.C. DattE
48c93ddb-3a0f-4fd1-9926-072d0d3b22f6,,zero_shared_significant_words_with_any_ingested_unit,"waaay Tien FPia wet & fre are aie
BH STANT HUA S| HoT FAS TTA Hl His atfer et ett
% elie aera:"
17f1799b-44ff-4ffc-8e94-1ed3e986ed66,,zero_shared_significant_words_with_any_ingested_unit,"Wa at we feu ae:
wat Ds eT UC stare & ANT Wea eraail S
Sar Oe TES (Alaa) wit wa S fears SF wT
Zl
werd IL: feeites cease & ay Hl Vea
farerira areca & frat & ett 3
Sade Hal & ares F, few eo fraeat Fa we"
fbd0cefd-4076-4204-8b7b-ec6021a9b20e,,zero_shared_significant_words_with_any_ingested_unit,"Wangn aralfeattesa a Wearta (Hlhaet) 2:
Rig im Hal
(G3)"
d72d92e3-57d7-4829-8be4-2219443a85b5,,zero_shared_significant_words_with_any_ingested_unit,"attache alii (geet aa) Tacerh ett z:
() il (aratetee) Waele: wantar egererr"
ef360c54-f58b-44f1-8dcd-f404ffd2fe62,,zero_shared_significant_words_with_any_ingested_unit,"Lan gat ll @ fre afer:
A. waht 1 waiter
aershran
B. debelargetior I. @etargta
art
C. zgaisut IL. Sereftar arret
aehearer
D. eeloiad a. IV. qgairaiitr-A
ara fu ae frat Fa wal sae at Pre:"
f8d0971c-cba4-41d5-90af-3c75360f620d,,zero_shared_significant_words_with_any_ingested_unit,"& ana ftisa weed Trea & areca a
ae oa 21"
59576b09-6a70-476a-979d-a84cf6b855d1,,zero_shared_significant_words_with_any_ingested_unit,"qatar ae I a Fras wifsre:
eal eh Tr
A. wm sit & ata af 1 uetr eaweer
aahers Ter (au wTa)
B. F, date ar argrast I. err
AIA WAH AT (wig)
act
daht uetiet
C. rs 3 a fa Ml.
FS aa aterm
Dz aed ING IV. 4 arr"
6db8c45c-3920-48fa-bd5d-2ec5f28a96a2,,zero_shared_significant_words_with_any_ingested_unit,"ae at we feu 1g &:
wart Ls Pach Aull cleo gels Ya GH F
wer I: freterta (smrgadiferal) ¥ are afeard
wal att & chens are aafseral at sakes wPstareres
(argeetfrat) at fagroat & 1
Saad HAA & ater H, few m"
3fb7ec23-7d90-4666-9558-5b5cd54cf208,,zero_shared_significant_words_with_any_ingested_unit,"Frafafad a a ar a Breareraira (warcraft) gor
IU Saree?"
eb252bdc-05d3-4afd-b1ab-2730cb5af3f4,,zero_shared_significant_words_with_any_ingested_unit,"I Ia fre afer:
wt a ah 7
A se aaa 4 se
. ~ . die
B. rargentferftra IL agelettsar Afeaa
C. aegis arr I. argeteifgar cr
dageaers ciate SATE
faa (Sear) Aart
D. Wels vara IV. Atere ageterrgar
fHeit
ard fe"
8fbf2a9a-55b8-4257-b693-93cb430dd0df,,zero_shared_significant_words_with_any_ingested_unit,"§ ) ie ite) at aera .
2) <3 3 SAI ES Ge
( ) Rbelaiial .
3) queniad Ghat at aaia Be ag Tard wen
ol Fa a"
8c84d31d-6860-4de8-a6cf-5e82f647e4d0,,zero_shared_significant_words_with_any_ingested_unit,eftacan (aire) F sata DNAAeae 2:
6489c923-896c-4baf-bc20-5883fc6c85e9,,zero_shared_significant_words_with_any_ingested_unit,"Wad oer Ru m?:
ae 1: aifrese HY saRtatt at agate ata a
Pager qa wei 81
aaa: ae Spat ed ait sean wea ra
Bar fay Ty Hea & Menta A ite few ae fermeat a eel
Oat Ol GA HU:"
85e7462b-f560-41f6-b145-34b6eef92dfb,,zero_shared_significant_words_with_any_ingested_unit,"ait ot Gh & ara Gates BA-
ciel wa
A. cafeert I &r Rear
B. feast IL a Fett
C. wer TL. tater Fett
D. vawifreer IV. seared
. Ty
Fret ferapeat wel Se Hr eT HU:"
8ff2deba-97c2-4fc0-978a-28e08d4cb7f8,,zero_shared_significant_words_with_any_ingested_unit,"Pret art a arpherae Te cera fer
wel"
e7fbde75-f7e0-47c8-bdfa-a948492bed07,,zero_shared_significant_words_with_any_ingested_unit,"fra 4 om eaufacan faa F?
ager attra
i wadaias aftr sit
C me
- me
D. asta guret
E.  faeefre vara vitae (ca vat ¥)
fra fiawt @ aaa GA Sat aI aa ee:
."
b78d4f7b-d8ce-4266-9a8b-afc8b7b34f11,,zero_shared_significant_words_with_any_ingested_unit,"qt at eat 1% ara gaia wa
cel een
A. arsine angst I. Aeris 375
B. afar tas ongaet IL wieoe
. .
C. evita 4 ah BETS TL. fer qa
D. stata IV. upersi-20
fret freed @ al Sat SI aa HU:
- -1, C- -
() ACN, BL c"
aa1a7865-baa0-4bce-a587-d81a990b1572,,zero_shared_significant_words_with_any_ingested_unit,"Fra wert ot fra we:
A. wifas aa ya ade
B. witha ge qa daz
: Re :
C. Cebattiehar aryera ert & ;
D. weet ge Wea at z
Prt foneat FS Gel Sat GI TIT GU:
G) saa B"
a4088570-fbc3-4884-bb75-a57f41f1e974,,zero_shared_significant_words_with_any_ingested_unit,"qe Lat yeh I & ere yAfers BA
wal ; a
A. %<sfra aftrat I. Freeadt austen,
atta ahr
B. satter gat I. @aea wd ota
afeat nw acl, eet fe
C. wea dfaat I. are, alg The
wel erat
D. ws Ulectar IV. Jen, aa #"
5656df30-d23e-4cc5-aae1-3d6bb281ff02,,zero_shared_significant_words_with_any_ingested_unit,"I II wa ete —
bs wh ;
A. mgt I Yes da
B. afeerest Il wer da
C. weet Il. tergerargise de
wage ICES a
“ frat a wat ae a a
,"
1799fe02-903a-462a-b4d7-ea24fd82f08b,,zero_shared_significant_words_with_any_ingested_unit,"att la ait le aa Bafa mt
I A
wh ; wa
A. sto4 fagiy I. lat gra
B. a -aeetifrar OS
C. p -aereiPrar TH. 21at yet
D. aargttheet Riga IV. 16at 7ST
ra freed &@ aft cae at ae @e:"
3eb19f29-da73-425d-acb8-6b2870addd63,,zero_shared_significant_words_with_any_ingested_unit,"at ot att I & are Gates |A—
a a I
A. Seiatoo I.
B. W.  &arent
C. wratt Ul. otReaetar
D. ars IV. erat
foray aan aaa a aad:
:"
9f8135ce-1155-4eda-b949-a17de1d6014c,,zero_shared_significant_words_with_any_ingested_unit,"al THIS ara ianiin
A. HAGA [ate at
B. arnt & afer Hwee oa were
wa ted
C. fret Tl. ara
D. aeage WARE ECOMCOE
Bra frmedt & at ex GI TEA we:"
1eca16de-ee0b-436d-b82f-65523077b5eb,,zero_shared_significant_words_with_any_ingested_unit,fret Hats eheige erat el & ?
44d4fc81-4e96-4279-8c34-1554a78791e5,,zero_shared_significant_words_with_any_ingested_unit,TACATGGCAAATATCCATTCAS >
386e4ac0-4a8c-4dd3-86a8-cb53df1329be,,zero_shared_significant_words_with_any_ingested_unit,"aa 4 fear fara & dares & Art at Pret arora z:
A. i B.  yekbst &
Cc. ial = D. aa wre
B. wenn
. oo
fret fermeat 4 8 art & wel fered a Tat He"
ef04d18c-463c-4cdd-b727-8d85bac4fcdf,,zero_shared_significant_words_with_any_ingested_unit,"atl wt at & aa Gf HA
aa wail
A. upaliiréta afr lL ar apt
Nee
B. daar sana IL. ararsra
i . ‘
C. agetfirara IL. atrere Ate at
if airani
: : HAM HUTTE
D. ae a ifr Sree IV. Be Yer wt AH ae
fret fermedl & "
a8a1fa9e-b163-494c-9463-b2dca76ceb6f,,zero_shared_significant_words_with_any_ingested_unit,"ep Caner froarfatey & saleahl am & Gat A ae or
Ut Gl UA He:
A. fearere Ganga afta ar Pratt
B. geet Coren aor ora firoreare @ ded & fre
aa at
C.  varat at Are
manent 3 . ant ®
D. eT 4 UT oa
B.  feerer "
c7ecd793-d333-4c4f-b23b-468ec7ec590e,,zero_shared_significant_words_with_any_ingested_unit,"red at wert faq Tee: ;
ar: gratia ait aire det ated freit
dftra cite #1
‘a-Preht i .
en t aos a Ger A
MSTA HH UCR |
oar fu ay Gal & wens A Pra fone @ aaa sel
Set EA Hat:"
30a0b624-681b-464f-88dd-092afe4542be,,zero_shared_significant_words_with_any_ingested_unit,"Ara at waa feu ae:
wer 1: ake oon yer aden ott 3 wet aaa
altar wot tart Bie Senet eat FI
» SHY att ‘ ae
or Il 2 eat 5 Ud Tee et %
Tae ay CIs & FAY GAT TATA WaT
at eI
oar feu me Het & vera A Pr ferment"
1ed7ac18-ea16-4e3c-b624-20bffb1c3cea,,zero_shared_significant_words_with_any_ingested_unit,"s/hi uperi with “pe ' :
Thee rag sn =
2."
81910109-ec11-4a0a-ba8b-d3aea2ecc01a,,zero_shared_significant_words_with_any_ingested_unit,"ook gila’ im: c sa in: re
. The et ene for net . "" i
s candi e An epla ly re cre} at
on he is een sm idem - oe ;
he did. - ne “ 3
a e A ore Do» : . .
ny reel ; :
9"
d83da52f-4761-41b8-8ffa-53030b69db18,,zero_shared_significant_words_with_any_ingested_unit,"af cpl SR UA Tore al
: | Fy | HIST
sR reat eneff ate aa
a fri qm wa
war at Wa qePaia
10."
60bec4aa-fe56-4b60-82cd-4aca8f6f544e,,zero_shared_significant_words_with_any_ingested_unit,"Fos art & eet TRI
arta sat aA
11"
868b96ec-6d5a-4e8c-85dd-1d9989552b07,,empty_or_no_significant_words_in_stem,"he A: fui - - . a
mt te Ion : ""
11."
8094f950-9ff8-405b-9eda-90ad1d12e164,,zero_shared_significant_words_with_any_ingested_unit,"Noon cs sm =
fe) whi . : ""
No candi rote nih _
hi eS e, wi we :
entr ‘dat ht 7 :
1"
29e6dbb0-1847-4519-96b2-1d3a55140962,,zero_shared_significant_words_with_any_ingested_unit,"ae aaftert ae a)
ak Ara t Beit wa
. staat a amt fer Ss can a afe fe
—Ha/ ST et wet
14."
4c22c7be-6c60-4059-8f4c-ff3d6c21c002,,zero_shared_significant_words_with_any_ingested_unit,"kPaf - - - 4 1b
' '
100 cm? 400 em"
a13449f8-ace8-4735-99d8-a3f11049109c,,empty_or_no_significant_words_in_stem,"10! N m™®, is:"
908ffbea-0abb-4c49-ae7a-cb1da5733042,,zero_shared_significant_words_with_any_ingested_unit,Ray florets have :
ec248cdb-5d1e-4dda-83ba-bd89e03232a3,,zero_shared_significant_words_with_any_ingested_unit,"— Methylbutan— 2 -—ol
con °"
65ee6efe-0a4a-4bb8-986d-c37b71f5fa4f,,empty_or_no_significant_words_in_stem,Atl BL Cw hn
1e9839b1-a151-4f5f-84a7-f4ab0a224b87,,empty_or_no_significant_words_in_stem,AIL BAL CW. DI
22f8d69b-1e7c-47fb-b373-d8d058017dcc,,zero_shared_significant_words_with_any_ingested_unit,Ray florets have :
e05f582f-950c-4228-94e2-577bba6ce968,,empty_or_no_significant_words_in_stem,"2p, < (x""2p, =0 2Py ) <6"" 2p,
. *"
c81a698a-98c1-4c87-9692-480c1bbd0930,,zero_shared_significant_words_with_any_ingested_unit,"— Methylbutan— 2 -ol
Br
|"
66dadabe-df6f-4a8b-9da6-07b19f945678,,empty_or_no_significant_words_in_stem,ATL BA. Ch bd
329b6c67-5e51-4c05-b7d0-00574f8aed2a,,empty_or_no_significant_words_in_stem,"Gi bel t tat t
1"
b2600027-4198-43c1-b081-36299543af23,,zero_shared_significant_words_with_any_ingested_unit,Ray florets have :
d9a7f3fa-d479-4a55-8f1f-90b9422516a0,,zero_shared_significant_words_with_any_ingested_unit,— Methylbutan—2-ol T
782a714a-4ffa-4422-9906-7be0365cd007,,zero_shared_significant_words_with_any_ingested_unit,— Methylbutan— 2 - ol
f5ebfe43-c6b7-4b90-a403-eead64f2d26f,,empty_or_no_significant_words_in_stem,= Which 1 i le?
3c3a3410-1e2b-41a6-908f-6eb971f11a66,,empty_or_no_significant_words_in_stem,"2p, <(n*2p, =n"" 2p, }<o* 2p"
b1d28e72-118a-4723-a4d5-11b6467eda6f,,zero_shared_significant_words_with_any_ingested_unit,Fol) 2 inted fi
2ee43cc6-ddde-4a4e-b340-66ffaf4ec6f5,,zero_shared_significant_words_with_any_ingested_unit,— Methylbutan— 2 —ol
a57c6b04-7b2b-4fa0-92ca-256eaccefe94,,empty_or_no_significant_words_in_stem,"2p, < (x""2p, - x 2p, ) <o* 2p,"
a673cfcf-0b80-4868-aca2-6822c5415d7c,,zero_shared_significant_words_with_any_ingested_unit,"— Methylbutan— 2 - ol
Br
|"
362d421a-4ecd-44ba-a565-2f7c6e627475,,zero_shared_significant_words_with_any_ingested_unit,"angane durin: for splitti
agnesi (2 Os ‘ung
1"
